{
  "results": [
    {
      "command": "./rusty/target/release/rusty",
      "mean": 3.608525147740001,
      "stddev": 0.04475858036662369,
      "median": 3.60471186994,
      "user": 13.4093689,
      "system": 0.60415022,
      "min": 3.5338089059400004,
      "max": 3.7029181059400003,
      "times": [
        3.64684730594,
        3.5704662319400002,
        3.61317917694,
        3.5338089059400004,
        3.6055313619400002,
        3.7029181059400003,
        3.5955808789400003,
        3.5925023899400004,
        3.6038923779400003,
        3.62052474194
      ],
      "exit_codes": [
        0,
        0,
        0,
        0,
        0,
        0,
        0,
        0,
        0,
        0
      ]
    }
  ]
}
