{
  "results": [
    {
      "command": "python3 scripts/verify-checksum-models.py",
      "mean": 7.476928697859998,
      "stddev": 0.1821690999618941,
      "median": 7.39347078346,
      "user": 6.809092819999999,
      "system": 0.68733768,
      "min": 7.31135106046,
      "max": 7.8807217734599995,
      "times": [
        7.4912176194599995,
        7.37938554646,
        7.52034073546,
        7.34880573146,
        7.31135106046,
        7.8807217734599995,
        7.7007187754599995,
        7.3697976144599995,
        7.35939210146,
        7.4075560204599995
      ],
      "exit_codes": [
        0,
        0,
        0,
        0,
        0,
        0,
        0,
        0,
        0,
        0
      ]
    }
  ]
}
